data,campanha,palavra_chave,impressoes,cliques,custo,conversoes
2026-05-01,Search Inovação,consultoria de inovação,118,7,64.12,0
2026-05-01,Search Inovação,inovação corporativa,112,7,53.59,0
2026-05-01,Search Inovação,consultoria inovação aberta,34,2,8.42,0
2026-05-01,Search Intraempreendedorismo,programa de intraempreendedorismo,81,6,26.94,2
2026-05-01,Search Intraempreendedorismo,intraempreendedorismo corporativo,41,2,10.96,0
2026-05-02,Search Inovação,consultoria de inovação,24,1,5.82,0
2026-05-02,Search Inovação,inovação corporativa,21,1,5.55,0
2026-05-02,Search Inovação,consultoria inovação aberta,7,0,0.00,0
2026-05-02,Search Intraempreendedorismo,programa de intraempreendedorismo,22,2,10.14,0
2026-05-02,Search Intraempreendedorismo,intraempreendedorismo corporativo,9,1,4.67,0
2026-05-03,Search Inovação,consultoria de inovação,45,3,25.67,1
2026-05-03,Search Inovação,inovação corporativa,29,1,8.16,0
2026-05-03,Search Inovação,consultoria inovação aberta,9,1,6.13,0
2026-05-03,Search Intraempreendedorismo,programa de intraempreendedorismo,13,1,5.81,0
2026-05-03,Search Intraempreendedorismo,intraempreendedorismo corporativo,20,1,4.41,0
2026-05-04,Search Inovação,consultoria de inovação,67,5,34.35,0
2026-05-04,Search Inovação,inovação corporativa,89,5,32.90,0
2026-05-04,Search Inovação,consultoria inovação aberta,34,2,14.24,0
2026-05-04,Search Intraempreendedorismo,programa de intraempreendedorismo,68,4,24.37,1
2026-05-04,Search Intraempreendedorismo,intraempreendedorismo corporativo,38,2,8.08,0
2026-05-05,Search Inovação,consultoria de inovação,147,7,58.16,0
2026-05-05,Search Inovação,inovação corporativa,71,3,15.14,0
2026-05-05,Search Inovação,consultoria inovação aberta,63,2,11.00,0
2026-05-05,Search Intraempreendedorismo,programa de intraempreendedorismo,67,5,29.12,0
2026-05-05,Search Intraempreendedorismo,intraempreendedorismo corporativo,29,1,5.35,0
2026-05-06,Search Inovação,consultoria de inovação,60,3,26.63,0
2026-05-06,Search Inovação,inovação corporativa,106,6,37.15,2
2026-05-06,Search Inovação,consultoria inovação aberta,56,2,12.63,0
2026-05-06,Search Intraempreendedorismo,programa de intraempreendedorismo,72,4,26.87,0
2026-05-06,Search Intraempreendedorismo,intraempreendedorismo corporativo,52,3,13.31,0
2026-05-07,Search Inovação,consultoria de inovação,84,5,36.62,1
2026-05-07,Search Inovação,inovação corporativa,48,3,20.77,0
2026-05-07,Search Inovação,consultoria inovação aberta,51,2,12.62,0
2026-05-07,Search Intraempreendedorismo,programa de intraempreendedorismo,35,3,13.79,0
2026-05-07,Search Intraempreendedorismo,intraempreendedorismo corporativo,57,3,15.52,0
2026-05-08,Search Inovação,consultoria de inovação,78,6,36.23,0
2026-05-08,Search Inovação,inovação corporativa,44,2,11.37,0
2026-05-08,Search Inovação,consultoria inovação aberta,35,1,5.02,0
2026-05-08,Search Intraempreendedorismo,programa de intraempreendedorismo,45,4,18.25,0
2026-05-08,Search Intraempreendedorismo,intraempreendedorismo corporativo,31,2,10.11,1
2026-05-09,Search Inovação,consultoria de inovação,50,4,23.54,0
2026-05-09,Search Inovação,inovação corporativa,40,2,9.88,0
2026-05-09,Search Inovação,consultoria inovação aberta,13,1,6.68,0
2026-05-09,Search Intraempreendedorismo,programa de intraempreendedorismo,30,2,10.57,1
2026-05-09,Search Intraempreendedorismo,intraempreendedorismo corporativo,14,1,3.71,0
2026-05-10,Search Inovação,consultoria de inovação,51,4,34.64,0
2026-05-10,Search Inovação,inovação corporativa,27,1,4.83,0
2026-05-10,Search Inovação,consultoria inovação aberta,14,1,6.72,0
2026-05-10,Search Intraempreendedorismo,programa de intraempreendedorismo,19,1,6.42,0
2026-05-10,Search Intraempreendedorismo,intraempreendedorismo corporativo,25,2,11.50,0
2026-05-11,Search Inovação,consultoria de inovação,151,11,102.89,0
2026-05-11,Search Inovação,inovação corporativa,75,4,31.93,0
2026-05-11,Search Inovação,consultoria inovação aberta,43,2,11.47,0
2026-05-11,Search Intraempreendedorismo,programa de intraempreendedorismo,48,3,12.26,1
2026-05-11,Search Intraempreendedorismo,intraempreendedorismo corporativo,67,4,22.14,0
2026-05-12,Search Inovação,consultoria de inovação,148,10,88.86,2
2026-05-12,Search Inovação,inovação corporativa,100,5,39.80,1
2026-05-12,Search Inovação,consultoria inovação aberta,44,2,13.05,0
2026-05-12,Search Intraempreendedorismo,programa de intraempreendedorismo,78,6,37.88,0
2026-05-12,Search Intraempreendedorismo,intraempreendedorismo corporativo,35,2,9.24,0
2026-05-13,Search Inovação,consultoria de inovação,86,5,43.16,0
2026-05-13,Search Inovação,inovação corporativa,48,2,14.21,0
2026-05-13,Search Inovação,consultoria inovação aberta,49,2,13.68,0
2026-05-13,Search Intraempreendedorismo,programa de intraempreendedorismo,52,3,18.09,0
2026-05-13,Search Intraempreendedorismo,intraempreendedorismo corporativo,30,1,5.43,0
2026-05-14,Search Inovação,consultoria de inovação,155,7,60.27,0
2026-05-14,Search Inovação,inovação corporativa,53,3,15.85,0
2026-05-14,Search Inovação,consultoria inovação aberta,26,1,5.95,0
2026-05-14,Search Intraempreendedorismo,programa de intraempreendedorismo,46,3,11.56,0
2026-05-14,Search Intraempreendedorismo,intraempreendedorismo corporativo,70,3,12.63,0
2026-05-15,Search Inovação,consultoria de inovação,66,4,22.45,1
2026-05-15,Search Inovação,inovação corporativa,106,6,38.46,0
2026-05-15,Search Inovação,consultoria inovação aberta,37,2,14.28,0
2026-05-15,Search Intraempreendedorismo,programa de intraempreendedorismo,47,3,11.64,0
2026-05-15,Search Intraempreendedorismo,intraempreendedorismo corporativo,47,3,14.23,0
2026-05-16,Search Inovação,consultoria de inovação,54,3,26.97,0
2026-05-16,Search Inovação,inovação corporativa,36,2,13.78,0
2026-05-16,Search Inovação,consultoria inovação aberta,10,0,0.00,0
2026-05-16,Search Intraempreendedorismo,programa de intraempreendedorismo,19,1,5.51,0
2026-05-16,Search Intraempreendedorismo,intraempreendedorismo corporativo,25,1,4.09,0
2026-05-17,Search Inovação,consultoria de inovação,34,2,11.06,0
2026-05-17,Search Inovação,inovação corporativa,36,2,15.51,0
2026-05-17,Search Inovação,consultoria inovação aberta,21,1,5.54,0
2026-05-17,Search Intraempreendedorismo,programa de intraempreendedorismo,12,1,6.79,0
2026-05-17,Search Intraempreendedorismo,intraempreendedorismo corporativo,11,1,5.62,0
2026-05-18,Search Inovação,consultoria de inovação,129,9,54.86,1
2026-05-18,Search Inovação,inovação corporativa,92,5,37.80,0
2026-05-18,Search Inovação,consultoria inovação aberta,29,1,5.62,0
2026-05-18,Search Intraempreendedorismo,programa de intraempreendedorismo,85,5,22.12,1
2026-05-18,Search Intraempreendedorismo,intraempreendedorismo corporativo,63,4,23.91,0
2026-05-19,Search Inovação,consultoria de inovação,157,8,69.20,0
2026-05-19,Search Inovação,inovação corporativa,110,6,40.92,1
2026-05-19,Search Inovação,consultoria inovação aberta,46,2,10.66,0
2026-05-19,Search Intraempreendedorismo,programa de intraempreendedorismo,44,3,19.59,1
2026-05-19,Search Intraempreendedorismo,intraempreendedorismo corporativo,36,2,9.11,0
2026-05-20,Search Inovação,consultoria de inovação,147,7,42.30,0
2026-05-20,Search Inovação,inovação corporativa,48,2,10.69,0
2026-05-20,Search Inovação,consultoria inovação aberta,35,1,5.20,0
2026-05-20,Search Intraempreendedorismo,programa de intraempreendedorismo,70,5,22.36,0
2026-05-20,Search Intraempreendedorismo,intraempreendedorismo corporativo,40,2,7.47,0
2026-05-21,Search Inovação,consultoria de inovação,69,4,35.07,0
2026-05-21,Search Inovação,inovação corporativa,56,3,15.38,0
2026-05-21,Search Inovação,consultoria inovação aberta,27,2,12.16,0
2026-05-21,Search Intraempreendedorismo,programa de intraempreendedorismo,42,3,18.32,1
2026-05-21,Search Intraempreendedorismo,intraempreendedorismo corporativo,64,3,11.57,1
2026-05-22,Search Inovação,consultoria de inovação,117,8,58.30,0
2026-05-22,Search Inovação,inovação corporativa,44,3,16.45,1
2026-05-22,Search Inovação,consultoria inovação aberta,50,3,19.97,1
2026-05-22,Search Intraempreendedorismo,programa de intraempreendedorismo,35,2,8.42,0
2026-05-22,Search Intraempreendedorismo,intraempreendedorismo corporativo,55,3,16.29,0
2026-05-23,Search Inovação,consultoria de inovação,34,2,12.38,0
2026-05-23,Search Inovação,inovação corporativa,27,2,12.90,0
2026-05-23,Search Inovação,consultoria inovação aberta,21,1,5.37,0
2026-05-23,Search Intraempreendedorismo,programa de intraempreendedorismo,26,1,5.72,0
2026-05-23,Search Intraempreendedorismo,intraempreendedorismo corporativo,15,1,3.85,0
2026-05-24,Search Inovação,consultoria de inovação,30,2,14.27,0
2026-05-24,Search Inovação,inovação corporativa,36,1,8.01,0
2026-05-24,Search Inovação,consultoria inovação aberta,11,1,4.67,0
2026-05-24,Search Intraempreendedorismo,programa de intraempreendedorismo,14,1,5.67,0
2026-05-24,Search Intraempreendedorismo,intraempreendedorismo corporativo,12,1,5.44,0
2026-05-25,Search Inovação,consultoria de inovação,139,8,69.57,1
2026-05-25,Search Inovação,inovação corporativa,42,2,13.77,0
2026-05-25,Search Inovação,consultoria inovação aberta,46,2,8.58,0
2026-05-25,Search Intraempreendedorismo,programa de intraempreendedorismo,79,5,23.72,0
2026-05-25,Search Intraempreendedorismo,intraempreendedorismo corporativo,44,3,16.02,1
2026-05-26,Search Inovação,consultoria de inovação,136,10,81.65,2
2026-05-26,Search Inovação,inovação corporativa,64,4,30.31,1
2026-05-26,Search Inovação,consultoria inovação aberta,54,2,11.34,0
2026-05-26,Search Intraempreendedorismo,programa de intraempreendedorismo,66,5,33.74,2
2026-05-26,Search Intraempreendedorismo,intraempreendedorismo corporativo,46,3,14.82,0
2026-05-27,Search Inovação,consultoria de inovação,140,10,89.19,0
2026-05-27,Search Inovação,inovação corporativa,100,4,31.84,2
2026-05-27,Search Inovação,consultoria inovação aberta,26,1,4.64,1
2026-05-27,Search Intraempreendedorismo,programa de intraempreendedorismo,71,5,31.27,0
2026-05-27,Search Intraempreendedorismo,intraempreendedorismo corporativo,26,1,3.61,0
2026-05-28,Search Inovação,consultoria de inovação,83,6,56.91,0
2026-05-28,Search Inovação,inovação corporativa,104,6,34.45,0
2026-05-28,Search Inovação,consultoria inovação aberta,26,1,5.66,0
2026-05-28,Search Intraempreendedorismo,programa de intraempreendedorismo,56,4,23.59,0
2026-05-28,Search Intraempreendedorismo,intraempreendedorismo corporativo,35,2,7.92,0
2026-05-29,Search Inovação,consultoria de inovação,107,7,62.54,1
2026-05-29,Search Inovação,inovação corporativa,94,5,27.51,0
2026-05-29,Search Inovação,consultoria inovação aberta,59,3,21.34,0
2026-05-29,Search Intraempreendedorismo,programa de intraempreendedorismo,32,3,13.20,0
2026-05-29,Search Intraempreendedorismo,intraempreendedorismo corporativo,25,1,4.58,0
2026-05-30,Search Inovação,consultoria de inovação,40,3,27.49,0
2026-05-30,Search Inovação,inovação corporativa,27,1,4.89,0
2026-05-30,Search Inovação,consultoria inovação aberta,13,1,4.37,0
2026-05-30,Search Intraempreendedorismo,programa de intraempreendedorismo,22,2,9.62,0
2026-05-30,Search Intraempreendedorismo,intraempreendedorismo corporativo,21,1,4.83,0
2026-05-31,Search Inovação,consultoria de inovação,38,2,13.44,0
2026-05-31,Search Inovação,inovação corporativa,29,2,10.04,1
2026-05-31,Search Inovação,consultoria inovação aberta,22,1,6.14,0
2026-05-31,Search Intraempreendedorismo,programa de intraempreendedorismo,16,1,4.02,1
2026-05-31,Search Intraempreendedorismo,intraempreendedorismo corporativo,13,1,4.60,1
2026-06-01,Search Inovação,consultoria de inovação,142,9,61.14,0
2026-06-01,Search Inovação,inovação corporativa,42,2,12.76,0
2026-06-01,Search Inovação,consultoria inovação aberta,34,2,9.77,0
2026-06-01,Search Intraempreendedorismo,programa de intraempreendedorismo,79,6,29.30,0
2026-06-01,Search Intraempreendedorismo,intraempreendedorismo corporativo,42,2,10.53,0
2026-06-02,Search Inovação,consultoria de inovação,80,5,31.60,0
2026-06-02,Search Inovação,inovação corporativa,87,4,32.58,1
2026-06-02,Search Inovação,consultoria inovação aberta,37,2,13.50,0
2026-06-02,Search Intraempreendedorismo,programa de intraempreendedorismo,63,4,21.65,0
2026-06-02,Search Intraempreendedorismo,intraempreendedorismo corporativo,60,4,15.07,0
2026-06-03,Search Inovação,consultoria de inovação,157,8,51.20,0
2026-06-03,Search Inovação,inovação corporativa,112,6,34.25,1
2026-06-03,Search Inovação,consultoria inovação aberta,63,2,10.73,0
2026-06-03,Search Intraempreendedorismo,programa de intraempreendedorismo,33,2,10.49,0
2026-06-03,Search Intraempreendedorismo,intraempreendedorismo corporativo,30,2,7.13,0
2026-06-04,Search Inovação,consultoria de inovação,92,5,41.15,0
2026-06-04,Search Inovação,inovação corporativa,106,5,37.52,0
2026-06-04,Search Inovação,consultoria inovação aberta,56,3,19.48,0
2026-06-04,Search Intraempreendedorismo,programa de intraempreendedorismo,43,3,15.43,1
2026-06-04,Search Intraempreendedorismo,intraempreendedorismo corporativo,40,3,16.40,0
2026-06-05,Search Inovação,consultoria de inovação,69,4,22.79,1
2026-06-05,Search Inovação,inovação corporativa,90,5,34.78,0
2026-06-05,Search Inovação,consultoria inovação aberta,32,2,10.40,0
2026-06-05,Search Intraempreendedorismo,programa de intraempreendedorismo,53,3,15.34,0
2026-06-05,Search Intraempreendedorismo,intraempreendedorismo corporativo,44,2,7.96,0
2026-06-06,Search Inovação,consultoria de inovação,47,3,26.81,0
2026-06-06,Search Inovação,inovação corporativa,19,1,5.71,0
2026-06-06,Search Inovação,consultoria inovação aberta,13,1,7.31,0
2026-06-06,Search Intraempreendedorismo,programa de intraempreendedorismo,19,1,4.05,0
2026-06-06,Search Intraempreendedorismo,intraempreendedorismo corporativo,13,1,4.45,0
2026-06-07,Search Inovação,consultoria de inovação,27,2,15.94,0
2026-06-07,Search Inovação,inovação corporativa,28,2,9.96,0
2026-06-07,Search Inovação,consultoria inovação aberta,9,0,0.00,0
2026-06-07,Search Intraempreendedorismo,programa de intraempreendedorismo,21,2,8.81,0
2026-06-07,Search Intraempreendedorismo,intraempreendedorismo corporativo,25,2,10.12,0
2026-06-08,Search Inovação,consultoria de inovação,102,5,31.02,2
2026-06-08,Search Inovação,inovação corporativa,114,7,37.87,2
2026-06-08,Search Inovação,consultoria inovação aberta,26,1,6.47,0
2026-06-08,Search Intraempreendedorismo,programa de intraempreendedorismo,59,5,22.75,0
2026-06-08,Search Intraempreendedorismo,intraempreendedorismo corporativo,46,3,14.98,0
2026-06-09,Search Inovação,consultoria de inovação,134,9,78.14,2
2026-06-09,Search Inovação,inovação corporativa,42,2,10.14,0
2026-06-09,Search Inovação,consultoria inovação aberta,55,2,12.88,0
2026-06-09,Search Intraempreendedorismo,programa de intraempreendedorismo,35,2,11.57,1
2026-06-09,Search Intraempreendedorismo,intraempreendedorismo corporativo,61,3,14.29,0
2026-06-10,Search Inovação,consultoria de inovação,86,6,34.01,0
2026-06-10,Search Inovação,inovação corporativa,55,3,19.57,0
2026-06-10,Search Inovação,consultoria inovação aberta,63,3,20.54,0
2026-06-10,Search Intraempreendedorismo,programa de intraempreendedorismo,59,4,16.74,0
2026-06-10,Search Intraempreendedorismo,intraempreendedorismo corporativo,64,4,24.55,1
2026-06-11,Search Inovação,consultoria de inovação,74,4,37.71,0
2026-06-11,Search Inovação,inovação corporativa,80,3,23.72,1
2026-06-11,Search Inovação,consultoria inovação aberta,52,2,14.34,0
2026-06-11,Search Intraempreendedorismo,programa de intraempreendedorismo,78,5,28.07,1
2026-06-11,Search Intraempreendedorismo,intraempreendedorismo corporativo,73,4,21.72,0
2026-06-12,Search Inovação,consultoria de inovação,76,6,50.33,0
2026-06-12,Search Inovação,inovação corporativa,98,5,32.29,0
2026-06-12,Search Inovação,consultoria inovação aberta,54,2,12.51,0
2026-06-12,Search Intraempreendedorismo,programa de intraempreendedorismo,31,2,13.47,0
2026-06-12,Search Intraempreendedorismo,intraempreendedorismo corporativo,40,2,8.38,0
2026-06-13,Search Inovação,consultoria de inovação,31,2,16.31,0
2026-06-13,Search Inovação,inovação corporativa,38,2,11.80,1
2026-06-13,Search Inovação,consultoria inovação aberta,8,0,0.00,0
2026-06-13,Search Intraempreendedorismo,programa de intraempreendedorismo,30,2,7.78,0
2026-06-13,Search Intraempreendedorismo,intraempreendedorismo corporativo,11,1,4.98,0
2026-06-14,Search Inovação,consultoria de inovação,53,3,18.86,0
2026-06-14,Search Inovação,inovação corporativa,21,1,6.29,0
2026-06-14,Search Inovação,consultoria inovação aberta,9,0,0.00,0
2026-06-14,Search Intraempreendedorismo,programa de intraempreendedorismo,26,2,8.41,0
2026-06-14,Search Intraempreendedorismo,intraempreendedorismo corporativo,22,1,3.86,0
2026-06-15,Search Inovação,consultoria de inovação,98,7,41.60,0
2026-06-15,Search Inovação,inovação corporativa,100,6,46.65,0
2026-06-15,Search Inovação,consultoria inovação aberta,29,1,6.02,0
2026-06-15,Search Intraempreendedorismo,programa de intraempreendedorismo,85,6,36.13,0
2026-06-15,Search Intraempreendedorismo,intraempreendedorismo corporativo,29,1,5.52,0
2026-06-16,Search Inovação,consultoria de inovação,92,6,55.48,0
2026-06-16,Search Inovação,inovação corporativa,118,6,45.31,0
2026-06-16,Search Inovação,consultoria inovação aberta,20,1,5.74,0
2026-06-16,Search Intraempreendedorismo,programa de intraempreendedorismo,39,2,9.81,0
2026-06-16,Search Intraempreendedorismo,intraempreendedorismo corporativo,69,5,20.13,0
2026-06-17,Search Inovação,consultoria de inovação,117,9,54.35,1
2026-06-17,Search Inovação,inovação corporativa,106,7,35.77,1
2026-06-17,Search Inovação,consultoria inovação aberta,64,2,10.82,0
2026-06-17,Search Intraempreendedorismo,programa de intraempreendedorismo,84,5,26.25,0
2026-06-17,Search Intraempreendedorismo,intraempreendedorismo corporativo,32,1,3.73,0
2026-06-18,Search Inovação,consultoria de inovação,124,9,66.34,1
2026-06-18,Search Inovação,inovação corporativa,72,4,19.27,1
2026-06-18,Search Inovação,consultoria inovação aberta,34,2,14.86,1
2026-06-18,Search Intraempreendedorismo,programa de intraempreendedorismo,54,4,23.14,0
2026-06-18,Search Intraempreendedorismo,intraempreendedorismo corporativo,39,2,9.71,0
2026-06-19,Search Inovação,consultoria de inovação,105,8,55.75,0
2026-06-19,Search Inovação,inovação corporativa,42,2,15.16,0
2026-06-19,Search Inovação,consultoria inovação aberta,46,2,12.24,0
2026-06-19,Search Intraempreendedorismo,programa de intraempreendedorismo,80,6,26.36,0
2026-06-19,Search Intraempreendedorismo,intraempreendedorismo corporativo,53,2,10.67,0
2026-06-20,Search Inovação,consultoria de inovação,53,4,30.08,1
2026-06-20,Search Inovação,inovação corporativa,16,1,5.60,0
2026-06-20,Search Inovação,consultoria inovação aberta,14,1,7.19,0
2026-06-20,Search Intraempreendedorismo,programa de intraempreendedorismo,21,1,5.98,0
2026-06-20,Search Intraempreendedorismo,intraempreendedorismo corporativo,26,1,5.67,0
2026-06-21,Search Inovação,consultoria de inovação,50,3,19.94,0
2026-06-21,Search Inovação,inovação corporativa,30,1,6.62,0
2026-06-21,Search Inovação,consultoria inovação aberta,11,0,0.00,0
2026-06-21,Search Intraempreendedorismo,programa de intraempreendedorismo,21,2,11.99,0
2026-06-21,Search Intraempreendedorismo,intraempreendedorismo corporativo,26,1,5.46,0
2026-06-22,Search Inovação,consultoria de inovação,123,9,81.21,1
2026-06-22,Search Inovação,inovação corporativa,56,3,18.65,1
2026-06-22,Search Inovação,consultoria inovação aberta,56,3,13.81,0
2026-06-22,Search Intraempreendedorismo,programa de intraempreendedorismo,52,4,24.85,0
2026-06-22,Search Intraempreendedorismo,intraempreendedorismo corporativo,26,1,6.13,0
2026-06-23,Search Inovação,consultoria de inovação,101,6,35.60,0
2026-06-23,Search Inovação,inovação corporativa,109,6,37.49,1
2026-06-23,Search Inovação,consultoria inovação aberta,46,3,20.51,0
2026-06-23,Search Intraempreendedorismo,programa de intraempreendedorismo,73,4,20.34,1
2026-06-23,Search Intraempreendedorismo,intraempreendedorismo corporativo,52,2,7.55,0
2026-06-24,Search Inovação,consultoria de inovação,68,4,28.14,0
2026-06-24,Search Inovação,inovação corporativa,52,2,10.57,0
2026-06-24,Search Inovação,consultoria inovação aberta,49,3,18.61,0
2026-06-24,Search Intraempreendedorismo,programa de intraempreendedorismo,87,5,28.12,0
2026-06-24,Search Intraempreendedorismo,intraempreendedorismo corporativo,27,2,7.28,0
2026-06-25,Search Inovação,consultoria de inovação,106,6,48.54,0
2026-06-25,Search Inovação,inovação corporativa,63,3,21.19,0
2026-06-25,Search Inovação,consultoria inovação aberta,39,2,12.47,0
2026-06-25,Search Intraempreendedorismo,programa de intraempreendedorismo,36,2,9.31,0
2026-06-25,Search Intraempreendedorismo,intraempreendedorismo corporativo,34,2,10.78,0
2026-06-26,Search Inovação,consultoria de inovação,90,6,46.13,0
2026-06-26,Search Inovação,inovação corporativa,44,2,10.25,0
2026-06-26,Search Inovação,consultoria inovação aberta,22,1,6.55,0
2026-06-26,Search Intraempreendedorismo,programa de intraempreendedorismo,33,2,10.97,0
2026-06-26,Search Intraempreendedorismo,intraempreendedorismo corporativo,53,3,15.45,0
2026-06-27,Search Inovação,consultoria de inovação,21,1,6.86,0
2026-06-27,Search Inovação,inovação corporativa,26,1,5.29,0
2026-06-27,Search Inovação,consultoria inovação aberta,16,1,4.85,0
2026-06-27,Search Intraempreendedorismo,programa de intraempreendedorismo,11,1,6.42,0
2026-06-27,Search Intraempreendedorismo,intraempreendedorismo corporativo,20,1,4.00,0
2026-06-28,Search Inovação,consultoria de inovação,47,3,23.94,0
2026-06-28,Search Inovação,inovação corporativa,40,2,14.97,1
2026-06-28,Search Inovação,consultoria inovação aberta,20,1,4.53,1
2026-06-28,Search Intraempreendedorismo,programa de intraempreendedorismo,12,1,4.57,0
2026-06-28,Search Intraempreendedorismo,intraempreendedorismo corporativo,21,1,5.55,0
2026-06-29,Search Inovação,consultoria de inovação,89,5,37.98,1
2026-06-29,Search Inovação,inovação corporativa,41,2,11.27,0
2026-06-29,Search Inovação,consultoria inovação aberta,65,3,19.40,0
2026-06-29,Search Intraempreendedorismo,programa de intraempreendedorismo,72,4,17.89,0
2026-06-29,Search Intraempreendedorismo,intraempreendedorismo corporativo,26,1,4.60,0
2026-06-30,Search Inovação,consultoria de inovação,145,9,70.17,2
2026-06-30,Search Inovação,inovação corporativa,46,2,15.80,0
2026-06-30,Search Inovação,consultoria inovação aberta,32,1,5.96,0
2026-06-30,Search Intraempreendedorismo,programa de intraempreendedorismo,38,3,12.36,1
2026-06-30,Search Intraempreendedorismo,intraempreendedorismo corporativo,30,1,4.81,0
2026-07-01,Search Inovação,consultoria de inovação,117,6,44.35,0
2026-07-01,Search Inovação,inovação corporativa,119,5,36.57,1
2026-07-01,Search Inovação,consultoria inovação aberta,34,2,9.79,0
2026-07-01,Search Intraempreendedorismo,programa de intraempreendedorismo,31,2,8.02,0
2026-07-01,Search Intraempreendedorismo,intraempreendedorismo corporativo,60,4,19.28,1
2026-07-02,Search Inovação,consultoria de inovação,87,4,32.01,0
2026-07-02,Search Inovação,inovação corporativa,62,3,19.95,0
2026-07-02,Search Inovação,consultoria inovação aberta,59,2,13.98,0
2026-07-02,Search Intraempreendedorismo,programa de intraempreendedorismo,66,5,32.93,0
2026-07-02,Search Intraempreendedorismo,intraempreendedorismo corporativo,31,2,7.02,0
2026-07-03,Search Inovação,consultoria de inovação,117,8,51.76,1
2026-07-03,Search Inovação,inovação corporativa,81,4,25.86,1
2026-07-03,Search Inovação,consultoria inovação aberta,47,2,11.45,0
2026-07-03,Search Intraempreendedorismo,programa de intraempreendedorismo,43,3,18.90,0
2026-07-03,Search Intraempreendedorismo,intraempreendedorismo corporativo,64,4,15.85,2
2026-07-04,Search Inovação,consultoria de inovação,52,3,25.14,1
2026-07-04,Search Inovação,inovação corporativa,33,2,13.01,0
2026-07-04,Search Inovação,consultoria inovação aberta,19,1,4.79,0
2026-07-04,Search Intraempreendedorismo,programa de intraempreendedorismo,27,2,12.96,0
2026-07-04,Search Intraempreendedorismo,intraempreendedorismo corporativo,20,1,5.53,0
2026-07-05,Search Inovação,consultoria de inovação,34,2,18.15,0
2026-07-05,Search Inovação,inovação corporativa,31,1,7.99,0
2026-07-05,Search Inovação,consultoria inovação aberta,8,0,0.00,0
2026-07-05,Search Intraempreendedorismo,programa de intraempreendedorismo,19,1,6.05,0
2026-07-05,Search Intraempreendedorismo,intraempreendedorismo corporativo,21,1,4.45,0
2026-07-06,Search Inovação,consultoria de inovação,157,7,38.85,1
2026-07-06,Search Inovação,inovação corporativa,47,3,15.21,0
2026-07-06,Search Inovação,consultoria inovação aberta,54,2,8.55,0
2026-07-06,Search Intraempreendedorismo,programa de intraempreendedorismo,34,2,12.82,0
2026-07-06,Search Intraempreendedorismo,intraempreendedorismo corporativo,34,2,10.31,0
2026-07-07,Search Inovação,consultoria de inovação,117,6,37.73,1
2026-07-07,Search Inovação,inovação corporativa,60,2,11.36,0
2026-07-07,Search Inovação,consultoria inovação aberta,57,2,13.23,0
2026-07-07,Search Intraempreendedorismo,programa de intraempreendedorismo,54,4,25.91,0
2026-07-07,Search Intraempreendedorismo,intraempreendedorismo corporativo,59,3,13.26,0
2026-07-08,Search Inovação,consultoria de inovação,154,10,68.84,1
2026-07-08,Search Inovação,inovação corporativa,116,6,37.86,1
2026-07-08,Search Inovação,consultoria inovação aberta,63,3,19.21,0
2026-07-08,Search Intraempreendedorismo,programa de intraempreendedorismo,56,4,17.91,0
2026-07-08,Search Intraempreendedorismo,intraempreendedorismo corporativo,55,3,18.27,0
