data,campanha,formato,impressoes,cliques,custo,leads,envios,aberturas
2026-05-01,Conversation Guardiões,Conversation,0,9,129.80,2,117,61
2026-05-01,Carrossel Case Odontoprev,Carrossel,3759,24,140.61,3,0,0
2026-05-01,Imagem Única Pepino,Imagem,2035,12,65.83,1,0,0
2026-05-02,Conversation Guardiões,Conversation,0,1,44.98,0,31,14
2026-05-02,Carrossel Case Odontoprev,Carrossel,979,8,32.92,1,0,0
2026-05-02,Imagem Única Pepino,Imagem,975,5,35.31,1,0,0
2026-05-03,Conversation Guardiões,Conversation,0,4,62.50,1,42,23
2026-05-03,Carrossel Case Odontoprev,Carrossel,1223,10,39.97,0,0,0
2026-05-03,Imagem Única Pepino,Imagem,853,6,29.54,0,0,0
2026-05-04,Conversation Guardiões,Conversation,0,6,109.03,2,75,41
2026-05-04,Carrossel Case Odontoprev,Carrossel,4240,25,167.35,2,0,0
2026-05-04,Imagem Única Pepino,Imagem,2766,18,93.60,0,0,0
2026-05-05,Conversation Guardiões,Conversation,0,4,87.95,1,70,35
2026-05-05,Carrossel Case Odontoprev,Carrossel,4433,39,188.24,2,0,0
2026-05-05,Imagem Única Pepino,Imagem,3058,19,104.14,3,0,0
2026-05-06,Conversation Guardiões,Conversation,0,7,185.94,3,110,64
2026-05-06,Carrossel Case Odontoprev,Carrossel,2120,13,92.76,1,0,0
2026-05-06,Imagem Única Pepino,Imagem,2739,21,95.81,0,0,0
2026-05-07,Conversation Guardiões,Conversation,0,4,107.70,2,81,40
2026-05-07,Carrossel Case Odontoprev,Carrossel,2801,20,109.81,2,0,0
2026-05-07,Imagem Única Pepino,Imagem,1410,8,48.50,2,0,0
2026-05-08,Conversation Guardiões,Conversation,0,5,141.82,1,92,41
2026-05-08,Carrossel Case Odontoprev,Carrossel,2335,18,95.31,4,0,0
2026-05-08,Imagem Única Pepino,Imagem,1561,10,50.61,0,0,0
2026-05-09,Conversation Guardiões,Conversation,0,2,41.36,1,28,16
2026-05-09,Carrossel Case Odontoprev,Carrossel,1560,8,67.76,0,0,0
2026-05-09,Imagem Única Pepino,Imagem,1261,5,33.16,1,0,0
2026-05-10,Conversation Guardiões,Conversation,0,2,29.00,1,25,11
2026-05-10,Carrossel Case Odontoprev,Carrossel,968,7,38.14,0,0,0
2026-05-10,Imagem Única Pepino,Imagem,818,4,27.21,0,0,0
2026-05-11,Conversation Guardiões,Conversation,0,6,95.11,1,84,39
2026-05-11,Carrossel Case Odontoprev,Carrossel,4417,33,152.23,2,0,0
2026-05-11,Imagem Única Pepino,Imagem,3499,26,100.77,3,0,0
2026-05-12,Conversation Guardiões,Conversation,0,13,210.95,2,129,74
2026-05-12,Carrossel Case Odontoprev,Carrossel,3342,23,143.89,1,0,0
2026-05-12,Imagem Única Pepino,Imagem,3791,16,114.52,1,0,0
2026-05-13,Conversation Guardiões,Conversation,0,11,193.90,3,119,59
2026-05-13,Carrossel Case Odontoprev,Carrossel,4426,39,177.12,4,0,0
2026-05-13,Imagem Única Pepino,Imagem,1870,11,69.42,2,0,0
2026-05-14,Conversation Guardiões,Conversation,0,7,227.51,1,145,78
2026-05-14,Carrossel Case Odontoprev,Carrossel,2637,21,85.67,5,0,0
2026-05-14,Imagem Única Pepino,Imagem,1955,12,64.19,0,0,0
2026-05-15,Conversation Guardiões,Conversation,0,8,153.68,2,109,52
2026-05-15,Carrossel Case Odontoprev,Carrossel,3193,25,134.57,3,0,0
2026-05-15,Imagem Única Pepino,Imagem,3206,22,113.50,3,0,0
2026-05-16,Conversation Guardiões,Conversation,0,2,57.65,0,42,22
2026-05-16,Carrossel Case Odontoprev,Carrossel,1272,11,51.66,0,0,0
2026-05-16,Imagem Única Pepino,Imagem,1057,5,29.61,1,0,0
2026-05-17,Conversation Guardiões,Conversation,0,3,72.06,0,45,26
2026-05-17,Carrossel Case Odontoprev,Carrossel,997,7,32.81,1,0,0
2026-05-17,Imagem Única Pepino,Imagem,1190,9,31.32,0,0,0
2026-05-18,Conversation Guardiões,Conversation,0,8,154.98,1,130,72
2026-05-18,Carrossel Case Odontoprev,Carrossel,3553,30,154.41,2,0,0
2026-05-18,Imagem Única Pepino,Imagem,3139,13,84.29,1,0,0
2026-05-19,Conversation Guardiões,Conversation,0,11,199.38,3,149,65
2026-05-19,Carrossel Case Odontoprev,Carrossel,3725,21,156.39,2,0,0
2026-05-19,Imagem Única Pepino,Imagem,3753,24,110.43,1,0,0
2026-05-20,Conversation Guardiões,Conversation,0,10,175.90,3,148,64
2026-05-20,Carrossel Case Odontoprev,Carrossel,2677,20,96.66,3,0,0
2026-05-20,Imagem Única Pepino,Imagem,1801,12,54.46,2,0,0
2026-05-21,Conversation Guardiões,Conversation,0,8,140.92,2,116,67
2026-05-21,Carrossel Case Odontoprev,Carrossel,3572,25,111.83,3,0,0
2026-05-21,Imagem Única Pepino,Imagem,1982,14,69.84,1,0,0
2026-05-22,Conversation Guardiões,Conversation,0,3,102.37,1,70,32
2026-05-22,Carrossel Case Odontoprev,Carrossel,2841,14,119.82,0,0,0
2026-05-22,Imagem Única Pepino,Imagem,2452,13,66.13,0,0,0
2026-05-23,Conversation Guardiões,Conversation,0,4,65.31,1,46,23
2026-05-23,Carrossel Case Odontoprev,Carrossel,1447,13,61.82,0,0,0
2026-05-23,Imagem Única Pepino,Imagem,1078,5,40.00,0,0,0
2026-05-24,Conversation Guardiões,Conversation,0,3,78.99,0,47,22
2026-05-24,Carrossel Case Odontoprev,Carrossel,878,6,33.13,1,0,0
2026-05-24,Imagem Única Pepino,Imagem,828,5,25.49,0,0,0
2026-05-25,Conversation Guardiões,Conversation,0,8,223.72,1,142,75
2026-05-25,Carrossel Case Odontoprev,Carrossel,2909,23,116.63,2,0,0
2026-05-25,Imagem Única Pepino,Imagem,1897,12,56.99,1,0,0
2026-05-26,Conversation Guardiões,Conversation,0,12,141.39,4,125,68
2026-05-26,Carrossel Case Odontoprev,Carrossel,1967,14,71.24,1,0,0
2026-05-26,Imagem Única Pepino,Imagem,3204,23,117.95,5,0,0
2026-05-27,Conversation Guardiões,Conversation,0,6,169.08,4,138,69
2026-05-27,Carrossel Case Odontoprev,Carrossel,3538,21,142.23,2,0,0
2026-05-27,Imagem Única Pepino,Imagem,2014,13,53.42,1,0,0
2026-05-28,Conversation Guardiões,Conversation,0,5,126.42,2,89,46
2026-05-28,Carrossel Case Odontoprev,Carrossel,1841,10,63.74,0,0,0
2026-05-28,Imagem Única Pepino,Imagem,3771,24,140.19,0,0,0
2026-05-29,Conversation Guardiões,Conversation,0,6,110.33,1,80,39
2026-05-29,Carrossel Case Odontoprev,Carrossel,2746,25,106.54,1,0,0
2026-05-29,Imagem Única Pepino,Imagem,1917,12,51.35,0,0,0
2026-05-30,Conversation Guardiões,Conversation,0,3,35.41,2,31,17
2026-05-30,Carrossel Case Odontoprev,Carrossel,1030,6,40.77,1,0,0
2026-05-30,Imagem Única Pepino,Imagem,562,3,17.08,0,0,0
2026-05-31,Conversation Guardiões,Conversation,0,3,40.35,1,35,19
2026-05-31,Carrossel Case Odontoprev,Carrossel,1156,8,41.12,0,0,0
2026-05-31,Imagem Única Pepino,Imagem,839,5,29.40,1,0,0
2026-06-01,Conversation Guardiões,Conversation,0,10,147.67,1,133,57
2026-06-01,Carrossel Case Odontoprev,Carrossel,2049,17,64.28,0,0,0
2026-06-01,Imagem Única Pepino,Imagem,3484,25,93.66,3,0,0
2026-06-02,Conversation Guardiões,Conversation,0,8,158.10,0,115,62
2026-06-02,Carrossel Case Odontoprev,Carrossel,4456,34,136.07,3,0,0
2026-06-02,Imagem Única Pepino,Imagem,2376,10,71.85,0,0,0
2026-06-03,Conversation Guardiões,Conversation,0,6,103.95,3,89,44
2026-06-03,Carrossel Case Odontoprev,Carrossel,2661,16,91.21,2,0,0
2026-06-03,Imagem Única Pepino,Imagem,2914,21,98.69,4,0,0
2026-06-04,Conversation Guardiões,Conversation,0,10,192.78,3,133,70
2026-06-04,Carrossel Case Odontoprev,Carrossel,4041,20,127.06,1,0,0
2026-06-04,Imagem Única Pepino,Imagem,3189,16,95.47,3,0,0
2026-06-05,Conversation Guardiões,Conversation,0,11,168.97,3,146,62
2026-06-05,Carrossel Case Odontoprev,Carrossel,2959,26,90.72,1,0,0
2026-06-05,Imagem Única Pepino,Imagem,2010,12,52.51,0,0,0
2026-06-06,Conversation Guardiões,Conversation,0,2,48.04,0,30,13
2026-06-06,Carrossel Case Odontoprev,Carrossel,1374,11,48.27,1,0,0
2026-06-06,Imagem Única Pepino,Imagem,751,5,28.21,0,0,0
2026-06-07,Conversation Guardiões,Conversation,0,4,54.35,0,48,26
2026-06-07,Carrossel Case Odontoprev,Carrossel,1561,9,61.03,1,0,0
2026-06-07,Imagem Única Pepino,Imagem,837,5,22.62,0,0,0
2026-06-08,Conversation Guardiões,Conversation,0,8,166.37,2,123,60
2026-06-08,Carrossel Case Odontoprev,Carrossel,2256,13,89.64,3,0,0
2026-06-08,Imagem Única Pepino,Imagem,2741,16,85.72,0,0,0
2026-06-09,Conversation Guardiões,Conversation,0,7,154.22,0,91,40
2026-06-09,Carrossel Case Odontoprev,Carrossel,4272,35,142.76,2,0,0
2026-06-09,Imagem Única Pepino,Imagem,2413,13,67.93,0,0,0
2026-06-10,Conversation Guardiões,Conversation,0,11,157.86,4,131,75
2026-06-10,Carrossel Case Odontoprev,Carrossel,3415,22,135.56,3,0,0
2026-06-10,Imagem Única Pepino,Imagem,2807,17,99.42,1,0,0
2026-06-11,Conversation Guardiões,Conversation,0,9,107.59,1,88,49
2026-06-11,Carrossel Case Odontoprev,Carrossel,2931,26,102.01,3,0,0
2026-06-11,Imagem Única Pepino,Imagem,2176,13,71.43,1,0,0
2026-06-12,Conversation Guardiões,Conversation,0,6,122.74,1,89,49
2026-06-12,Carrossel Case Odontoprev,Carrossel,3287,24,109.45,1,0,0
2026-06-12,Imagem Única Pepino,Imagem,2864,20,93.82,3,0,0
2026-06-13,Conversation Guardiões,Conversation,0,4,65.25,1,51,26
2026-06-13,Carrossel Case Odontoprev,Carrossel,1511,9,51.17,1,0,0
2026-06-13,Imagem Única Pepino,Imagem,1145,6,40.00,1,0,0
2026-06-14,Conversation Guardiões,Conversation,0,2,60.07,1,45,23
2026-06-14,Carrossel Case Odontoprev,Carrossel,716,6,25.47,1,0,0
2026-06-14,Imagem Única Pepino,Imagem,1142,7,36.41,0,0,0
2026-06-15,Conversation Guardiões,Conversation,0,8,127.14,1,90,51
2026-06-15,Carrossel Case Odontoprev,Carrossel,2741,22,92.48,2,0,0
2026-06-15,Imagem Única Pepino,Imagem,3080,23,114.25,0,0,0
2026-06-16,Conversation Guardiões,Conversation,0,12,162.17,1,143,72
2026-06-16,Carrossel Case Odontoprev,Carrossel,3087,26,132.42,2,0,0
2026-06-16,Imagem Única Pepino,Imagem,3571,25,92.97,4,0,0
2026-06-17,Conversation Guardiões,Conversation,0,7,126.84,1,93,50
2026-06-17,Carrossel Case Odontoprev,Carrossel,1913,15,76.37,2,0,0
2026-06-17,Imagem Única Pepino,Imagem,3540,28,117.53,5,0,0
2026-06-18,Conversation Guardiões,Conversation,0,6,142.57,1,94,54
2026-06-18,Carrossel Case Odontoprev,Carrossel,3445,28,145.42,1,0,0
2026-06-18,Imagem Única Pepino,Imagem,2795,22,91.58,2,0,0
2026-06-19,Conversation Guardiões,Conversation,0,7,122.03,1,94,51
2026-06-19,Carrossel Case Odontoprev,Carrossel,2163,17,70.03,2,0,0
2026-06-19,Imagem Única Pepino,Imagem,1839,12,66.25,1,0,0
2026-06-20,Conversation Guardiões,Conversation,0,4,81.08,2,52,26
2026-06-20,Carrossel Case Odontoprev,Carrossel,842,6,36.93,0,0,0
2026-06-20,Imagem Única Pepino,Imagem,1062,8,29.50,3,0,0
2026-06-21,Conversation Guardiões,Conversation,0,2,77.76,1,51,22
2026-06-21,Carrossel Case Odontoprev,Carrossel,1461,12,50.85,0,0,0
2026-06-21,Imagem Única Pepino,Imagem,623,4,19.72,1,0,0
2026-06-22,Conversation Guardiões,Conversation,0,6,152.04,0,99,53
2026-06-22,Carrossel Case Odontoprev,Carrossel,2265,16,90.85,5,0,0
2026-06-22,Imagem Única Pepino,Imagem,3704,19,110.07,1,0,0
2026-06-23,Conversation Guardiões,Conversation,0,5,147.60,2,89,37
2026-06-23,Carrossel Case Odontoprev,Carrossel,3416,23,127.16,2,0,0
2026-06-23,Imagem Única Pepino,Imagem,1441,9,38.27,0,0,0
2026-06-24,Conversation Guardiões,Conversation,0,9,146.60,3,105,49
2026-06-24,Carrossel Case Odontoprev,Carrossel,3937,32,127.63,3,0,0
2026-06-24,Imagem Única Pepino,Imagem,1747,14,60.59,2,0,0
2026-06-25,Conversation Guardiões,Conversation,0,5,126.67,0,85,36
2026-06-25,Carrossel Case Odontoprev,Carrossel,4278,24,136.65,2,0,0
2026-06-25,Imagem Única Pepino,Imagem,1823,11,63.99,0,0,0
2026-06-26,Conversation Guardiões,Conversation,0,7,111.86,0,96,50
2026-06-26,Carrossel Case Odontoprev,Carrossel,2670,20,112.66,1,0,0
2026-06-26,Imagem Única Pepino,Imagem,1439,9,40.47,0,0,0
2026-06-27,Conversation Guardiões,Conversation,0,4,60.30,2,44,25
2026-06-27,Carrossel Case Odontoprev,Carrossel,1332,9,44.61,1,0,0
2026-06-27,Imagem Única Pepino,Imagem,750,5,19.70,0,0,0
2026-06-28,Conversation Guardiões,Conversation,0,4,86.42,2,51,23
2026-06-28,Carrossel Case Odontoprev,Carrossel,1071,8,32.87,0,0,0
2026-06-28,Imagem Única Pepino,Imagem,1131,8,40.09,1,0,0
2026-06-29,Conversation Guardiões,Conversation,0,5,107.67,0,85,44
2026-06-29,Carrossel Case Odontoprev,Carrossel,3809,23,139.94,2,0,0
2026-06-29,Imagem Única Pepino,Imagem,2282,11,68.45,0,0,0
2026-06-30,Conversation Guardiões,Conversation,0,10,213.90,1,144,62
2026-06-30,Carrossel Case Odontoprev,Carrossel,3743,31,143.83,3,0,0
2026-06-30,Imagem Única Pepino,Imagem,3408,17,101.12,1,0,0
2026-07-01,Conversation Guardiões,Conversation,0,9,171.34,0,143,76
2026-07-01,Carrossel Case Odontoprev,Carrossel,3038,23,124.69,2,0,0
2026-07-01,Imagem Única Pepino,Imagem,1842,8,52.11,1,0,0
2026-07-02,Conversation Guardiões,Conversation,0,5,109.20,1,70,30
2026-07-02,Carrossel Case Odontoprev,Carrossel,2652,17,88.89,3,0,0
2026-07-02,Imagem Única Pepino,Imagem,1815,7,62.33,0,0,0
2026-07-03,Conversation Guardiões,Conversation,0,5,146.05,1,124,54
2026-07-03,Carrossel Case Odontoprev,Carrossel,2938,19,96.79,2,0,0
2026-07-03,Imagem Única Pepino,Imagem,3055,18,80.28,0,0,0
2026-07-04,Conversation Guardiões,Conversation,0,3,52.96,1,43,21
2026-07-04,Carrossel Case Odontoprev,Carrossel,1000,6,33.00,1,0,0
2026-07-04,Imagem Única Pepino,Imagem,770,4,23.59,0,0,0
2026-07-05,Conversation Guardiões,Conversation,0,4,61.89,2,44,25
2026-07-05,Carrossel Case Odontoprev,Carrossel,739,5,22.77,0,0,0
2026-07-05,Imagem Única Pepino,Imagem,1260,8,44.31,0,0,0
2026-07-06,Conversation Guardiões,Conversation,0,5,110.36,0,86,39
2026-07-06,Carrossel Case Odontoprev,Carrossel,3365,20,115.96,1,0,0
2026-07-06,Imagem Única Pepino,Imagem,2254,10,60.56,1,0,0
2026-07-07,Conversation Guardiões,Conversation,0,5,105.24,1,89,43
2026-07-07,Carrossel Case Odontoprev,Carrossel,2606,13,85.60,1,0,0
2026-07-07,Imagem Única Pepino,Imagem,2511,14,68.88,0,0,0
2026-07-08,Conversation Guardiões,Conversation,0,6,109.45,1,97,50
2026-07-08,Carrossel Case Odontoprev,Carrossel,2355,15,83.83,1,0,0
2026-07-08,Imagem Única Pepino,Imagem,2671,18,81.40,2,0,0
